,Brand,Price,Memory,Display,Battery,Warranty
0,"APPLE iPhone 14 (Starlight, 128 GB)","₹72,999",128 GB ROM,15.49 cm (6.1 inch) Super Retina XDR Display,12MP + 12MP | 12MP Front Camera,"A15 Bionic Chip, 6 Core Processor Processor"
1,"APPLE iPhone 14 Plus (Starlight, 128 GB)","₹80,999",128 GB ROM,17.02 cm (6.7 inch) Super Retina XDR Display,12MP + 12MP | 12MP Front Camera,"A15 Bionic Chip, 6 Core Processor Processor"
2,"REDMI 10 (Pacific Blue, 64 GB)","₹9,499",4 GB RAM | 64 GB ROM | Expandable Upto 1 TB,17.02 cm (6.7 inch) HD+ Display,50MP + 2MP | 5MP Front Camera,6000 mAh Lithium Polymer Battery
3,"Infinix SMART 7 (Azure Blue, 64 GB)","₹7,499",4 GB RAM | 64 GB ROM | Expandable Upto 2 TB,16.76 cm (6.6 inch) HD+ Display,13MP + AI Lens | 5MP Front Camera,6000 mAh Battery
4,"MOTOROLA e13 (Aurora Green, 64 GB)","₹7,999",4 GB RAM | 64 GB ROM | Expandable Upto 1 TB,16.51 cm (6.5 inch) HD+ Display,13MP Rear Camera | 5MP Front Camera,5000 mAh Battery
5,"MOTOROLA e40 (Carbon Gray, 64 GB)","₹8,499",4 GB RAM | 64 GB ROM | Expandable Upto 1 TB,16.51 cm (6.5 inch) HD+ Display,48MP + 2MP + 2MP | 8MP Front Camera,5000 mAh Battery
6,"MOTOROLA g52 (Charcoal Grey, 64 GB)","₹10,999",4 GB RAM | 64 GB ROM,16.76 cm (6.6 inch) Full HD+ Display,50MP + 8MP + 2MP | 16MP Front Camera,5000 mAh Lithium Battery
7,"APPLE iPhone 14 (Purple, 128 GB)","₹72,999",128 GB ROM,15.49 cm (6.1 inch) Super Retina XDR Display,12MP + 12MP | 12MP Front Camera,"A15 Bionic Chip, 6 Core Processor Processor"
8,"MOTOROLA g52 (Metallic White, 128 GB)","₹12,999",6 GB RAM | 128 GB ROM,16.76 cm (6.6 inch) Full HD+ Display,50MP + 8MP + 2MP | 16MP Front Camera,5000 mAh Lithium Battery
9,"REDMI 10 (Shadow Black, 64 GB)","₹9,499",4 GB RAM | 64 GB ROM | Expandable Upto 1 TB,17.02 cm (6.7 inch) HD+ Display,50MP + 2MP | 5MP Front Camera,6000 mAh Lithium Polymer Battery
10,"POCO C50 (Royal Blue, 32 GB)","₹6,499",2 GB RAM | 32 GB ROM | Expandable Upto 512 GB,16.56 cm (6.52 inch) HD+ Display,8MP Dual Camera | 5MP Front Camera,5000 mAh Lithium Polymer Battery
11,"POCO C50 (Royal Blue, 32 GB)","₹6,749",3 GB RAM | 32 GB ROM | Expandable Upto 512 GB,16.56 cm (6.52 inch) HD+ Display,8MP Dual Camera | 5MP Front Camera,5000 mAh Lithium Polymer Battery
12,"MOTOROLA e13 (Creamy White, 64 GB)","₹7,999",4 GB RAM | 64 GB ROM | Expandable Upto 1 TB,16.51 cm (6.5 inch) HD+ Display,13MP Rear Camera | 5MP Front Camera,5000 mAh Battery
13,"POCO M4 Pro 5G (Cool Blue, 128 GB)","₹15,999",8 GB RAM | 128 GB ROM | Expandable Upto 1 TB,16.76 cm (6.6 inch) Full HD+ Display,50MP + 8MP | 16MP Front Camera,5000 mAh Lithium-ion Polymer Battery
14,"MOTOROLA g52 (Charcoal Grey, 128 GB)","₹12,999",6 GB RAM | 128 GB ROM,16.76 cm (6.6 inch) Full HD+ Display,50MP + 8MP + 2MP | 16MP Front Camera,5000 mAh Lithium Battery
15,"Infinix HOT 20 Play (Aurora Green, 64 GB)","₹8,499",4 GB RAM | 64 GB ROM | Expandable Upto 256 GB,17.32 cm (6.82 inch) HD+ Display,13Mp + AI Lens | 8MP Front Camera,6000 mAh Li-ion Polymer Battery
16,"REDMI 10 (Midnight Black, 64 GB)","₹9,499",4 GB RAM | 64 GB ROM | Expandable Upto 1 TB,17.02 cm (6.7 inch) HD+ Display,50MP + 2MP | 5MP Front Camera,6000 mAh Lithium Polymer Battery
17,"REDMI 10 (Midnight Black, 128 GB)","₹11,999",6 GB RAM | 128 GB ROM | Expandable Upto 1 TB,17.02 cm (6.7 inch) HD+ Display,50MP + 2MP | 5MP Front Camera,6000 mAh Lithium Polymer Battery
18,"Infinix HOT 20 Play (Racing Black, 64 GB)","₹8,499",4 GB RAM | 64 GB ROM | Expandable Upto 256 GB,17.32 cm (6.82 inch) HD+ Display,13Mp + AI Lens | 8MP Front Camera,6000 mAh Li-ion Polymer Battery
19,"POCO C50 (Country Green, 32 GB)","₹6,499",2 GB RAM | 32 GB ROM | Expandable Upto 512 GB,16.56 cm (6.52 inch) HD+ Display,8MP Dual Camera | 5MP Front Camera,5000 mAh Lithium Polymer Battery
20,"SAMSUNG Galaxy F13 (Nightsky Green, 64 GB)","₹10,999",4 GB RAM | 64 GB ROM | Expandable Upto 1 TB,16.76 cm (6.6 inch) Full HD+ Display,50MP + 5MP + 2MP | 8MP Front Camera,6000 mAh Lithium Ion Battery
21,"vivo V27 5G (Magic Blue, 128 GB)","₹32,999",8 GB RAM | 128 GB ROM,17.22 cm (6.78 Inch) Full HD+ AMOLED Display,50MP (OIS) + 8MP + 2MP | 50MP Front Camera,4600 mAh Battery
22,"MOTOROLA e13 (Cosmic Black, 64 GB)","₹7,999",4 GB RAM | 64 GB ROM | Expandable Upto 1 TB,16.51 cm (6.5 inch) HD+ Display,13MP Rear Camera | 5MP Front Camera,5000 mAh Battery
23,"POCO M4 Pro 5G (Yellow, 64 GB)","₹12,999",4 GB RAM | 64 GB ROM | Expandable Upto 1 TB,16.76 cm (6.6 inch) Full HD+ Display,50MP + 8MP | 16MP Front Camera,5000 mAh Lithium-ion Polymer Battery
24,"POCO M4 Pro 5G (Yellow, 64 GB)","₹12,999",4 GB RAM | 64 GB ROM | Expandable Upto 1 TB,16.76 cm (6.6 inch) Full HD+ Display,50MP + 8MP | 16MP Front Camera,5000 mAh Lithium-ion Polymer Battery
25,"MOTOROLA e13 (Cosmic Black, 64 GB)","₹7,999",4 GB RAM | 64 GB ROM | Expandable Upto 1 TB,16.51 cm (6.5 inch) HD+ Display,13MP Rear Camera | 5MP Front Camera,5000 mAh Battery
26,"Infinix HOT 20 Play (Luna Blue, 64 GB)","₹8,499",4 GB RAM | 64 GB ROM | Expandable Upto 256 GB,17.32 cm (6.82 inch) HD+ Display,13Mp + AI Lens | 8MP Front Camera,6000 mAh Li-ion Polymer Battery
27,"MOTOROLA g31 (Meteorite Grey, 64 GB)","₹9,499",4 GB RAM | 64 GB ROM | Expandable Upto 1 TB,16.26 cm (6.4 inch) Full HD+ Display,50MP + 8MP + 2MP | 13MP Front Camera,5000 mAh LiPo Battery
28,"SAMSUNG Galaxy F23 5G (Forest Green, 128 GB)","₹16,999",6 GB RAM | 128 GB ROM | Expandable Upto 1 TB,16.76 cm (6.6 inch) Full HD+ Display,50MP + 8MP + 2MP | 8MP Front Camera,5000 mAh Lithium Ion Battery
29,"SAMSUNG Galaxy F23 5G (Copper Blush, 128 GB)","₹16,999",6 GB RAM | 128 GB ROM | Expandable Upto 1 TB,16.76 cm (6.6 inch) Full HD+ Display,50MP + 8MP + 2MP | 8MP Front Camera,5000 mAh Lithium Ion Battery
30,"SAMSUNG Galaxy F13 (Waterfall Blue, 64 GB)","₹10,999",4 GB RAM | 64 GB ROM | Expandable Upto 1 TB,16.76 cm (6.6 inch) Full HD+ Display,50MP + 5MP + 2MP | 8MP Front Camera,6000 mAh Lithium Ion Battery
31,"realme C35 (Glowing Black, 64 GB)","₹10,999",4 GB RAM | 64 GB ROM | Expandable Upto 1 TB,16.76 cm (6.6 inch) Full HD+ Display,50MP + 2MP + 0.3MP | 8MP Front Camera,5000 mAh Lithium Polymer Battery
32,"APPLE iPhone 14 (Blue, 128 GB)","₹72,999",128 GB ROM,15.49 cm (6.1 inch) Super Retina XDR Display,12MP + 12MP | 12MP Front Camera,"A15 Bionic Chip, 6 Core Processor Processor"
33,"POCO M4 5G (Cool Blue, 128 GB)","₹13,999",6 GB RAM | 128 GB ROM | Expandable Upto 512 GB,16.71 cm (6.58 inch) Full HD+ Display,50MP + 2MP | 8MP Front Camera,5000 mAh Lithium Ion Polymer Battery
34,"POCO C55 (Cool Blue, 64 GB)","₹9,499",4 GB RAM | 64 GB ROM | Expandable Upto 1 TB,17.04 cm (6.71 inch) HD+ Display,50MP Rear Camera | 5MP Front Camera,5000 mAh Battery
35,"MOTOROLA g31 (Baby Blue, 128 GB)","₹10,999",6 GB RAM | 128 GB ROM | Expandable Upto 1 TB,16.26 cm (6.4 inch) Full HD+ Display,50MP + 8MP + 2MP | 13MP Front Camera,5000 mAh LiPo Battery
36,"SAMSUNG Galaxy F23 5G (Aqua Blue, 128 GB)","₹16,999",6 GB RAM | 128 GB ROM | Expandable Upto 1 TB,16.76 cm (6.6 inch) Full HD+ Display,50MP + 8MP + 2MP | 8MP Front Camera,5000 mAh Lithium Ion Battery
37,"POCO M4 Pro 5G (Yellow, 128 GB)","₹14,999",6 GB RAM | 128 GB ROM | Expandable Upto 1 TB,16.76 cm (6.6 inch) Full HD+ Display,50MP + 8MP | 16MP Front Camera,5000 mAh Lithium-ion Polymer Battery
38,"Infinix HOT 20 Play (Fantasy Purple, 64 GB)","₹8,499",4 GB RAM | 64 GB ROM | Expandable Upto 256 GB,17.32 cm (6.82 inch) HD+ Display,13Mp + AI Lens | 8MP Front Camera,6000 mAh Li-ion Polymer Battery
39,"SAMSUNG Galaxy F13 (Sunrise Copper, 64 GB)","₹10,999",4 GB RAM | 64 GB ROM | Expandable Upto 1 TB,16.76 cm (6.6 inch) Full HD+ Display,50MP + 5MP + 2MP | 8MP Front Camera,6000 mAh Lithium Ion Battery
40,"MOTOROLA G62 5G (Frosted Blue, 128 GB)","₹16,999",8 GB RAM | 128 GB ROM,16.64 cm (6.55 inch) Full HD+ Display,50MP + 8MP + 2MP | 16MP Front Camera,5000 mAh Lithium Polymer Battery
41,"MOTOROLA G32 (Mineral Gray, 64 GB)","₹10,499",4 GB RAM | 64 GB ROM,16.64 cm (6.55 inch) Full HD+ Display,50MP + 8MP + 2MP | 16MP Front Camera,5000 mAh Lithium Polymer Battery
42,"MOTOROLA G32 (Satin Silver, 64 GB)","₹10,499",4 GB RAM | 64 GB ROM,16.64 cm (6.55 inch) Full HD+ Display,50MP + 8MP + 2MP | 16MP Front Camera,5000 mAh Lithium Polymer Battery
43,"SAMSUNG Galaxy F13 (Waterfall Blue, 128 GB)","₹11,999",4 GB RAM | 128 GB ROM | Expandable Upto 1 TB,16.76 cm (6.6 inch) Full HD+ Display,50MP + 5MP + 2MP | 8MP Front Camera,6000 mAh Lithium Ion Battery
44,"MOTOROLA g31 (Baby Blue, 64 GB)","₹9,499",4 GB RAM | 64 GB ROM | Expandable Upto 1 TB,16.26 cm (6.4 Inch) Full HD+ Display,50MP + 8MP + 2MP | 13MP Front Camera,5000 mAh LiPo Battery
45,"POCO M4 5G (Power Black, 64 GB)","₹11,999",4 GB RAM | 64 GB ROM | Expandable Upto 512 GB,16.71 cm (6.58 inch) Full HD+ Display,50MP + 2MP | 8MP Front Camera,5000 mAh Lithium Ion Polymer Battery
46,"POCO M4 5G (Power Black, 128 GB)","₹13,999",6 GB RAM | 128 GB ROM | Expandable Upto 512 GB,16.71 cm (6.58 inch) Full HD+ Display,50MP + 2MP | 8MP Front Camera,5000 mAh Lithium Ion Polymer Battery
47,"vivo T1 44W (Starry Sky, 128 GB)","₹14,499",4 GB RAM | 128 GB ROM | Expandable Upto 1 TB,16.36 cm (6.44 inch) Full HD+ AMOLED Display,50MP + 2MP + 2MP | 16MP Front Camera,5000 mAh Lithium Battery
48,"vivo V27 5G (Noble Black, 256 GB)","₹36,999",12 GB RAM | 256 GB ROM,17.22 cm (6.78 Inch) Full HD+ AMOLED Display,50MP (OIS) + 8MP + 2MP | 50MP Front Camera,4600 mAh Battery
49,"POCO M4 5G (Power Black, 128 GB)","₹13,999",6 GB RAM | 128 GB ROM | Expandable Upto 512 GB,16.71 cm (6.58 inch) Full HD+ Display,50MP + 2MP | 8MP Front Camera,5000 mAh Lithium Ion Polymer Battery
50,"REDMI 10 (Midnight Black, 128 GB)","₹11,999",6 GB RAM | 128 GB ROM | Expandable Upto 1 TB,17.02 cm (6.7 inch) HD+ Display,50MP + 2MP | 5MP Front Camera,6000 mAh Lithium Polymer Battery
51,"REDMI 10 (Sunrise Orange, 64 GB)","₹9,499",4 GB RAM | 64 GB ROM | Expandable Upto 1 TB,17.02 cm (6.7 inch) HD+ Display,50MP + 2MP | 5MP Front Camera,6000 mAh Lithium Polymer Battery
52,"MOTOROLA g73 5G (Lucent White, 128 GB)","₹18,999",8 GB RAM | 128 GB ROM | Expandable Upto 1 TB,16.51 cm (6.5 inch) Full HD+ Display,50MP + 8MP | 16MP Front Camera,5000 mAh Battery
53,"POCO C55 (Power Black, 64 GB)","₹9,499",4 GB RAM | 64 GB ROM | Expandable Upto 1 TB,17.04 cm (6.71 inch) HD+ Display,50MP Rear Camera | 5MP Front Camera,5000 mAh Battery
54,Nokia 105 SS,"₹1,299",32 MB RAM | 32 MB ROM,4.5 cm (1.77 inch) QVGA Display,0MP Front Camera,800 mAh Lithium Ion Battery
55,"POCO X5 Pro 5G (Horizon Blue, 256 GB)","₹24,999",8 GB RAM | 256 GB ROM,16.94 cm (6.67 inch) Full HD+ Display,108MP + 8MP + 2MP | 16MP Front Camera,5000 mAh Battery
56,"REDMI 10 (Caribbean Green, 64 GB)","₹9,499",4 GB RAM | 64 GB ROM | Expandable Upto 1 TB,17.02 cm (6.7 inch) HD+ Display,50MP + 2MP | 5MP Front Camera,6000 mAh Lithium Polymer Battery
57,"SAMSUNG Galaxy F13 (Nightsky Green, 128 GB)","₹11,999",4 GB RAM | 128 GB ROM | Expandable Upto 1 TB,16.76 cm (6.6 inch) Full HD+ Display,50MP + 5MP + 2MP | 8MP Front Camera,6000 mAh Lithium Ion Battery
58,"vivo T1 44W (Midnight Galaxy, 128 GB)","₹15,999",6 GB RAM | 128 GB ROM | Expandable Upto 1 TB,16.36 cm (6.44 inch) Full HD+ AMOLED Display,50MP + 2MP + 2MP | 16MP Front Camera,5000 mAh Lithium Battery
59,"REDMI 10 (Pacific Blue, 128 GB)","₹11,999",6 GB RAM | 128 GB ROM | Expandable Upto 1 TB,17.02 cm (6.7 inch) HD+ Display,50MP + 2MP | 5MP Front Camera,6000 mAh Lithium Polymer Battery
60,"MOTOROLA G62 5G (Frosted Blue, 128 GB)","₹15,999",6 GB RAM | 128 GB ROM,16.64 cm (6.55 inch) Full HD+ Display,50MP + 8MP + 2MP | 16MP Front Camera,5000 mAh Lithium Polymer Battery
61,"APPLE iPhone 14 Plus (Blue, 128 GB)","₹80,999",128 GB ROM,17.02 cm (6.7 inch) Super Retina XDR Display,12MP + 12MP | 12MP Front Camera,"A15 Bionic Chip, 6 Core Processor Processor"
62,"vivo T1 44W (Starry Sky, 128 GB)","₹15,999",6 GB RAM | 128 GB ROM | Expandable Upto 1 TB,16.36 cm (6.44 inch) Full HD+ AMOLED Display,50MP + 2MP + 2MP | 16MP Front Camera,5000 mAh Lithium Battery
63,"Infinix NOTE 12i (Alpine White, 64 GB)","₹10,499",4 GB RAM | 64 GB ROM | Expandable Upto 512 GB,17.02 cm (6.7 inch) Full HD+ AMOLED Display,50 MP + 2 MP + QVGA | 8MP Front Camera,5000 mAh Lithium-ion Polymer Battery
64,"REDMI 10 (Caribbean Green, 128 GB)","₹11,999",6 GB RAM | 128 GB ROM | Expandable Upto 1 TB,17.02 cm (6.7 inch) HD+ Display,50MP + 2MP | 5MP Front Camera,6000 mAh Lithium Polymer Battery
65,"MOTOROLA g73 5G (Midnight Blue, 128 GB)","₹18,999",8 GB RAM | 128 GB ROM | Expandable Upto 1 TB,16.51 cm (6.5 inch) Full HD+ Display,50MP + 8MP | 16MP Front Camera,5000 mAh Battery
66,"MOTOROLA g22 (Cosmic Black, 64 GB)","₹9,499",4 GB RAM | 64 GB ROM | Expandable Upto 1 TB,16.51 cm (6.5 inch) HD+ Display,50MP + 8MP + 2MP + 2MP | 16MP Front Camera,5000 mAh Lithium Ion Battery
67,"POCO M4 5G (Cool Blue, 64 GB)","₹11,999",4 GB RAM | 64 GB ROM | Expandable Upto 512 GB,16.71 cm (6.58 inch) Full HD+ Display,50MP + 2MP | 8MP Front Camera,5000 mAh Lithium Ion Polymer Battery
68,"POCO C55 (Forest Green, 64 GB)","₹9,499",4 GB RAM | 64 GB ROM | Expandable Upto 1 TB,17.04 cm (6.71 inch) HD+ Display,50MP Rear Camera | 5MP Front Camera,5000 mAh Battery
69,"realme C35 (Glowing Black, 128 GB)","₹12,999",6 GB RAM | 128 GB ROM | Expandable Upto 1 TB,16.76 cm (6.6 inch) Full HD+ Display,50MP + 2MP + 0.3MP | 8MP Front Camera,5000 mAh Lithium Polymer Battery
70,"Infinix Hot 12 (Exploratory Blue, 64 GB)","₹8,999",4 GB RAM | 64 GB ROM,17.32 cm (6.82 inch) HD+ Display,50 MP + 2 MP Depth Lens + AI Lens | 8MP Front Camera,6000 mAh Lithium-ion Polymer Battery
71,"Infinix Hot 12 (7° Purple, 64 GB)","₹8,999",4 GB RAM | 64 GB ROM,17.32 cm (6.82 inch) HD+ Display,50 MP + 2 MP Depth Lens + AI Lens | 8MP Front Camera,6000 mAh Lithium-ion Polymer Battery
72,"POCO M4 Pro (Cool Blue, 128 GB)","₹13,999",6 GB RAM | 128 GB ROM | Expandable Upto 1 TB,16.33 cm (6.43 inch) Full HD+ AMOLED Display,64MP + 8MP + 2MP | 16MP Front Camera,5000 mAh Lithium-ion Polymer Battery
73,"POCO C31 (Royal Blue, 64 GB)","₹8,499",4 GB RAM | 64 GB ROM | Expandable Upto 512 GB,16.59 cm (6.53 inch) HD+ Display,13MP + 2MP + 2MP | 5MP Front Camera,5000 mAh Lithium-ion Polymer Battery
74,"realme C35 (Glowing Black, 128 GB)","₹11,999",4 GB RAM | 128 GB ROM | Expandable Upto 1 TB,16.76 cm (6.6 inch) Full HD+ Display,50MP + 2MP + 0.3MP | 8MP Front Camera,5000 mAh Lithium Polymer Battery
75,"vivo T1 44W (Midnight Galaxy, 128 GB)","₹17,999",8 GB RAM | 128 GB ROM | Expandable Upto 1 TB,16.36 cm (6.44 inch) Full HD+ AMOLED Display,50MP + 2MP + 2MP | 16MP Front Camera,5000 mAh Lithium Battery
76,"vivo T1X (Space Blue, 64 GB)","₹11,999",4 GB RAM | 64 GB ROM,16.71 cm (6.58 inch) Full HD+ Display,50MP + 2MP | 8MP Front Camera,5000 mAh Battery
77,"vivo T1X (Gravity Black, 64 GB)","₹11,999",4 GB RAM | 64 GB ROM,16.71 cm (6.58 inch) Full HD+ Display,50MP + 2MP | 8MP Front Camera,5000 mAh Battery
78,"vivo T1X (Gravity Black, 128 GB)","₹12,999",4 GB RAM | 128 GB ROM,16.71 cm (6.58 inch) Full HD+ Display,50MP + 2MP | 8MP Front Camera,5000 mAh Battery
79,"POCO M4 Pro (Power Black, 128 GB)","₹14,999",8 GB RAM | 128 GB ROM | Expandable Upto 1 TB,16.33 cm (6.43 inch) Full HD+ AMOLED Display,64MP + 8MP + 2MP | 16MP Front Camera,5000 mAh Lithium-ion Polymer Battery
80,"POCO C55 (Power Black, 128 GB)","₹10,999",6 GB RAM | 128 GB ROM | Expandable Upto 1 TB,17.04 cm (6.71 inch) HD+ Display,50MP Rear Camera | 5MP Front Camera,5000 mAh Battery
81,Nokia 105 SS,"₹1,299",32 MB RAM | 32 MB ROM,4.5 cm (1.77 inch) QVGA Display,0MP Front Camera,800 mAh Lithium Ion Battery
82,"Infinix Smart 6 HD (Origin Blue, 32 GB)","₹6,299",2 GB RAM | 32 GB ROM | Expandable Upto 512 GB,16.76 cm (6.6 inch) HD+ Display,8MP Rear Camera | 5MP Front Camera,5000 mAh Lithium-ion Polymer Battery
83,"Infinix Hot 12 (Polar Black, 64 GB)","₹8,999",4 GB RAM | 64 GB ROM,17.32 cm (6.82 inch) HD+ Display,50 MP + 2 MP Depth Lens + AI Lens | 8MP Front Camera,6000 mAh Lithium-ion Polymer Battery
84,"MOTOROLA G62 5G (Midnight Gray, 128 GB)","₹16,999",8 GB RAM | 128 GB ROM,16.64 cm (6.55 inch) Full HD+ Display,50MP + 8MP + 2MP | 16MP Front Camera,5000 mAh Lithium Polymer Battery
85,"MOTOROLA g72 (Polar Blue, 128 GB)","₹15,999",6 GB RAM | 128 GB ROM | Expandable Upto 1 TB,16.64 cm (6.55 inch) Full HD+ Display,108MP + 8MP + 2MP | 16MP Front Camera,5000 mAh Lithium Battery
86,"SAMSUNG Galaxy F13 (Sunrise Copper, 128 GB)","₹11,999",4 GB RAM | 128 GB ROM | Expandable Upto 1 TB,16.76 cm (6.6 inch) Full HD+ Display,50MP + 5MP + 2MP | 8MP Front Camera,6000 mAh Lithium Ion Battery
87,"Infinix Hot 12 (Turquoise Cyan, 64 GB)","₹8,999",4 GB RAM | 64 GB ROM,17.32 cm (6.82 inch) HD+ Display,50 MP + 2 MP Depth Lens + AI Lens | 8MP Front Camera,6000 mAh Lithium-ion Polymer Battery
88,"realme C30 (Bamboo Green, 32 GB)","₹5,999",2 GB RAM | 32 GB ROM | Expandable Upto 1 TB,16.51 cm (6.5 inch) HD+ Display,8MP Rear Camera | 5MP Front Camera,5000 mAh Lithium Ion Battery
89,"realme C30 (Lake Blue, 32 GB)","₹5,999",2 GB RAM | 32 GB ROM | Expandable Upto 1 TB,16.51 cm (6.5 inch) HD+ Display,8MP Rear Camera | 5MP Front Camera,5000 mAh Lithium Ion Battery
90,"Infinix Smart 6 HD (Force Black, 32 GB)","₹6,299",2 GB RAM | 32 GB ROM | Expandable Upto 512 GB,16.76 cm (6.6 inch) HD+ Display,8MP Rear Camera | 5MP Front Camera,5000 mAh Lithium-ion Polymer Battery
91,"Infinix Smart 6 HD (Aqua Sky, 32 GB)","₹6,299",2 GB RAM | 32 GB ROM | Expandable Upto 512 GB,16.76 cm (6.6 inch) HD+ Display,8MP Rear Camera | 5MP Front Camera,5000 mAh Lithium-ion Polymer Battery
92,"APPLE iPhone 11 (White, 64 GB)","₹41,499",64 GB ROM,15.49 cm (6.1 inch) Liquid Retina HD Display,12MP + 12MP | 12MP Front Camera,A13 Bionic Chip Processor
93,"vivo T1X (Space Blue, 128 GB)","₹12,999",4 GB RAM | 128 GB ROM,16.71 cm (6.58 inch) Full HD+ Display,50MP + 2MP | 8MP Front Camera,5000 mAh Battery
94,"vivo T1X (Gravity Black, 128 GB)","₹14,999",6 GB RAM | 128 GB ROM,16.71 cm (6.58 inch) Full HD+ Display,50MP + 2MP | 8MP Front Camera,5000 mAh Battery
95,"vivo V27 5G (Magic Blue, 256 GB)","₹36,999",12 GB RAM | 256 GB ROM,17.22 cm (6.78 Inch) Full HD+ AMOLED Display,50MP (OIS) + 8MP + 2MP | 50MP Front Camera,4600 mAh Battery
96,"realme C30 (Denim Black, 32 GB)","₹6,999",3 GB RAM | 32 GB ROM | Expandable Upto 1 TB,16.51 cm (6.5 inch) HD+ Display,8MP Rear Camera | 5MP Front Camera,5000 mAh Lithium Ion Battery
97,"POCO M4 Pro (Yellow, 128 GB)","₹13,999",6 GB RAM | 128 GB ROM | Expandable Upto 1 TB,16.33 cm (6.43 inch) Full HD+ AMOLED Display,64MP + 8MP + 2MP | 16MP Front Camera,5000 mAh Lithium-ion Polymer Battery
98,"POCO C50 (Country Green, 32 GB)","₹6,749",3 GB RAM | 32 GB ROM | Expandable Upto 512 GB,16.56 cm (6.52 inch) HD+ Display,8MP Dual Camera | 5MP Front Camera,5000 mAh Lithium Polymer Battery
99,"vivo T1X (Space Blue, 128 GB)","₹14,999",6 GB RAM | 128 GB ROM,16.71 cm (6.58 inch) Full HD+ Display,50MP + 2MP | 8MP Front Camera,5000 mAh Battery
100,"Infinix Hot 20 5G (Blaster Green, 128 GB)","₹13,499",6 GB RAM | 128 GB ROM | Expandable Upto 1 TB,16.76 cm (6.6 inch) Full HD+ Display,50MP + AI Lens | 8MP Front Camera,5000 mAh Li-ion Polymer Battery
101,"POCO X5 Pro 5G (Astral Black, 256 GB)","₹24,999",8 GB RAM | 256 GB ROM,16.94 cm (6.67 inch) Full HD+ Display,108MP + 8MP + 2MP | 16MP Front Camera,5000 mAh Battery
102,"realme C30 (Lake Blue, 32 GB)","₹6,999",3 GB RAM | 32 GB ROM | Expandable Upto 1 TB,16.51 cm (6.5 inch) HD+ Display,8MP Rear Camera | 5MP Front Camera,5000 mAh Lithium Ion Battery
103,"SAMSUNG Galaxy F23 5G (Aqua Blue, 128 GB)","₹15,999",4 GB RAM | 128 GB ROM | Expandable Upto 1 TB,16.76 cm (6.6 inch) Full HD+ Display,50MP + 8MP + 2MP | 8MP Front Camera,5000 mAh Lithium Ion Battery
104,"POCO M4 Pro (Power Black, 128 GB)","₹14,999",8 GB RAM | 128 GB ROM | Expandable Upto 1 TB,16.33 cm (6.43 inch) Full HD+ AMOLED Display,64MP + 8MP + 2MP | 16MP Front Camera,5000 mAh Lithium-ion Polymer Battery
105,"APPLE iPhone 13 (Midnight, 128 GB)","₹62,999",128 GB ROM,15.49 cm (6.1 inch) Super Retina XDR Display,12MP + 12MP | 12MP Front Camera,A15 Bionic Chip Processor
106,"vivo T1 44W (Starry Sky, 128 GB)","₹17,999",8 GB RAM | 128 GB ROM | Expandable Upto 1 TB,16.36 cm (6.44 inch) Full HD+ AMOLED Display,50MP + 2MP + 2MP | 16MP Front Camera,5000 mAh Lithium Battery
107,"POCO M4 Pro 5G (Yellow, 128 GB)","₹15,999",8 GB RAM | 128 GB ROM | Expandable Upto 1 TB,16.76 cm (6.6 inch) Full HD+ Display,50MP + 8MP | 16MP Front Camera,5000 mAh Lithium-ion Polymer Battery
108,"Infinix Hot 20 5G (Space Blue, 128 GB)","₹13,499",6 GB RAM | 128 GB ROM | Expandable Upto 1 TB,16.76 cm (6.6 inch) Full HD+ Display,50MP + AI Lens | 8MP Front Camera,5000 mAh Li-ion Polymer Battery
109,"MOTOROLA G62 5G (Midnight Gray, 128 GB)","₹15,999",6 GB RAM | 128 GB ROM,16.64 cm (6.55 inch) Full HD+ Display,50MP + 8MP + 2MP | 16MP Front Camera,5000 mAh Lithium Polymer Battery
110,"APPLE iPhone 14 Plus (Purple, 128 GB)","₹80,999",128 GB ROM,17.02 cm (6.7 inch) Super Retina XDR Display,12MP + 12MP | 12MP Front Camera,"A15 Bionic Chip, 6 Core Processor Processor"
111,"Infinix Hot 12 Pro (Electric Blue, 64 GB)","₹9,799",6 GB RAM | 64 GB ROM | Expandable Upto 256 GB,16.76 cm (6.6 inch) HD+ Display,50 MP + Depth Lens | 8MP Front Camera,5000 mAh Lithium-ion Polymer Battery
112,"APPLE iPhone 13 (Pink, 128 GB)","₹62,999",128 GB ROM,15.49 cm (6.1 inch) Super Retina XDR Display,12MP + 12MP | 12MP Front Camera,A15 Bionic Chip Processor
113,"realme C33 (Night Sea, 64 GB)","₹9,999",4 GB RAM | 64 GB ROM | Expandable Upto 1 TB,16.51 cm (6.5 inch) HD+ Display,50MP + 0.3MP | 5MP Front Camera,5000 mAh Lithium Ion Battery
114,LAVA Hero Punch,₹888,24 MB RAM | 32 MB ROM | Expandable Upto 32 GB,4.57 cm (1.8 inch) Quarter QVGA Display,0MP Front Camera,620 mAh Li-ion Battery
115,"realme C30 (Bamboo Green, 32 GB)","₹6,999",3 GB RAM | 32 GB ROM | Expandable Upto 1 TB,16.51 cm (6.5 inch) HD+ Display,8MP Rear Camera | 5MP Front Camera,5000 mAh Lithium Ion Battery
116,"vivo T1 Pro 5G (Turbo Cyan, 128 GB)","₹23,999",6 GB RAM | 128 GB ROM,16.36 cm (6.44 inch) Full HD+ AMOLED Display,64MP + 8MP + 2MP | 16MP Front Camera,4700 mAh Lithium Battery
117,"SAMSUNG Galaxy F23 5G (Forest Green, 128 GB)","₹15,999",4 GB RAM | 128 GB ROM | Expandable Upto 1 TB,16.76 cm (6.6 inch) Full HD+ Display,50MP + 8MP + 2MP | 8MP Front Camera,5000 mAh Lithium Ion Battery
118,"realme C35 (Glowing Green, 64 GB)","₹10,999",4 GB RAM | 64 GB ROM | Expandable Upto 1 TB,16.76 cm (6.6 inch) Full HD+ Display,50MP + 2MP + 0.3MP | 8MP Front Camera,5000 mAh Lithium Polymer Battery
119,"realme C35 (Glowing Green, 128 GB)","₹11,999",4 GB RAM | 128 GB ROM | Expandable Upto 1 TB,16.76 cm (6.6 inch) Full HD+ Display,50MP + 2MP + 0.3MP | 8MP Front Camera,5000 mAh Lithium Polymer Battery
